dataset,model,tokenizer,budget_mode,acc,drift_acc,avg_len,p95_len,n_params,params_m,vocab,max_len,total_tokens,total_steps,majority_train_frac,majority_test_acc,seed,_source
csic2010,tiny,BPE,token_fair,0.8528,0.4686,327.2294,514,724738,0.724738,2048,512,10000000,0,0.54165,0.5576,0,results/paper/e2_budget_sweep/tok10M/seed0/results_token_fair.csv
csic2010,tiny,WordPiece,token_fair,0.9,0.4832,329.449,526,724738,0.724738,2048,512,10000000,0,0.54165,0.5576,0,results/paper/e2_budget_sweep/tok10M/seed0/results_token_fair.csv
csic2010,tiny,Unigram,token_fair,0.7936,0.7914,406.3974,595,724738,0.724738,2048,512,10000000,0,0.54165,0.5576,0,results/paper/e2_budget_sweep/tok10M/seed0/results_token_fair.csv
csic2010,tiny,Bytes,token_fair,0.686,0.4574,785.3036,1059,724738,0.724738,2048,512,10000000,0,0.54165,0.5576,0,results/paper/e2_budget_sweep/tok10M/seed0/results_token_fair.csv
csic2010,tiny,CIT,token_fair,0.9108,0.9108,216.9894,416,724738,0.724738,2048,512,10000000,0,0.54165,0.5576,0,results/paper/e2_budget_sweep/tok10M/seed0/results_token_fair.csv
csic2010,small,BPE,token_fair,0.8994,0.493,327.2294,514,3815426,3.815426,2048,512,10000000,0,0.54165,0.5576,0,results/paper/e2_budget_sweep/tok10M/seed0/results_token_fair.csv
csic2010,small,WordPiece,token_fair,0.9204,0.4756,329.449,526,3815426,3.815426,2048,512,10000000,0,0.54165,0.5576,0,results/paper/e2_budget_sweep/tok10M/seed0/results_token_fair.csv
csic2010,small,Unigram,token_fair,0.848,0.8496,406.3974,595,3815426,3.815426,2048,512,10000000,0,0.54165,0.5576,0,results/paper/e2_budget_sweep/tok10M/seed0/results_token_fair.csv
csic2010,small,Bytes,token_fair,0.6864,0.4424,785.3036,1059,3815426,3.815426,2048,512,10000000,0,0.54165,0.5576,0,results/paper/e2_budget_sweep/tok10M/seed0/results_token_fair.csv
csic2010,small,CIT,token_fair,0.9138,0.9138,216.9894,416,3815426,3.815426,2048,512,10000000,0,0.54165,0.5576,0,results/paper/e2_budget_sweep/tok10M/seed0/results_token_fair.csv
csic2010,tiny,BPE,token_fair,0.8682,0.5006,329.209,519,724738,0.724738,2048,512,10000000,0,0.5423,0.5426,1,results/paper/e2_budget_sweep/tok10M/seed1/results_token_fair.csv
csic2010,tiny,WordPiece,token_fair,0.8762,0.4908,331.5392,532,724738,0.724738,2048,512,10000000,0,0.5423,0.5426,1,results/paper/e2_budget_sweep/tok10M/seed1/results_token_fair.csv
csic2010,tiny,Unigram,token_fair,0.8132,0.813,402.7612,605,724738,0.724738,2048,512,10000000,0,0.5423,0.5426,1,results/paper/e2_budget_sweep/tok10M/seed1/results_token_fair.csv
csic2010,tiny,Bytes,token_fair,0.672,0.4516,788.5086,1066,724738,0.724738,2048,512,10000000,0,0.5423,0.5426,1,results/paper/e2_budget_sweep/tok10M/seed1/results_token_fair.csv
csic2010,tiny,CIT,token_fair,0.9092,0.9092,213.3634,402,724738,0.724738,2048,512,10000000,0,0.5423,0.5426,1,results/paper/e2_budget_sweep/tok10M/seed1/results_token_fair.csv
csic2010,small,BPE,token_fair,0.9018,0.531,329.209,519,3815426,3.815426,2048,512,10000000,0,0.5423,0.5426,1,results/paper/e2_budget_sweep/tok10M/seed1/results_token_fair.csv
csic2010,small,WordPiece,token_fair,0.9118,0.5266,331.5392,532,3815426,3.815426,2048,512,10000000,0,0.5423,0.5426,1,results/paper/e2_budget_sweep/tok10M/seed1/results_token_fair.csv
csic2010,small,Unigram,token_fair,0.8504,0.8504,402.7612,605,3815426,3.815426,2048,512,10000000,0,0.5423,0.5426,1,results/paper/e2_budget_sweep/tok10M/seed1/results_token_fair.csv
csic2010,small,Bytes,token_fair,0.6864,0.457,788.5086,1066,3815426,3.815426,2048,512,10000000,0,0.5423,0.5426,1,results/paper/e2_budget_sweep/tok10M/seed1/results_token_fair.csv
csic2010,small,CIT,token_fair,0.9192,0.9192,213.3634,402,3815426,3.815426,2048,512,10000000,0,0.5423,0.5426,1,results/paper/e2_budget_sweep/tok10M/seed1/results_token_fair.csv
csic2010,tiny,BPE,token_fair,0.847,0.4858,327.0838,513,724738,0.724738,2048,512,10000000,0,0.5435,0.5538,2,results/paper/e2_budget_sweep/tok10M/seed2/results_token_fair.csv
csic2010,tiny,WordPiece,token_fair,0.9056,0.4938,329.2584,523,724738,0.724738,2048,512,10000000,0,0.5435,0.5538,2,results/paper/e2_budget_sweep/tok10M/seed2/results_token_fair.csv
csic2010,tiny,Unigram,token_fair,0.8256,0.8232,399.6362,598,724738,0.724738,2048,512,10000000,0,0.5435,0.5538,2,results/paper/e2_budget_sweep/tok10M/seed2/results_token_fair.csv
csic2010,tiny,Bytes,token_fair,0.6768,0.4458,785.4556,1057,724738,0.724738,2048,512,10000000,0,0.5435,0.5538,2,results/paper/e2_budget_sweep/tok10M/seed2/results_token_fair.csv
csic2010,tiny,CIT,token_fair,0.9056,0.9056,218.015,414,724738,0.724738,2048,512,10000000,0,0.5435,0.5538,2,results/paper/e2_budget_sweep/tok10M/seed2/results_token_fair.csv
csic2010,small,BPE,token_fair,0.9054,0.5222,327.0838,513,3815426,3.815426,2048,512,10000000,0,0.5435,0.5538,2,results/paper/e2_budget_sweep/tok10M/seed2/results_token_fair.csv
csic2010,small,WordPiece,token_fair,0.9104,0.4782,329.2584,523,3815426,3.815426,2048,512,10000000,0,0.5435,0.5538,2,results/paper/e2_budget_sweep/tok10M/seed2/results_token_fair.csv
csic2010,small,Unigram,token_fair,0.8696,0.8692,399.6362,598,3815426,3.815426,2048,512,10000000,0,0.5435,0.5538,2,results/paper/e2_budget_sweep/tok10M/seed2/results_token_fair.csv
csic2010,small,Bytes,token_fair,0.6862,0.4462,785.4556,1057,3815426,3.815426,2048,512,10000000,0,0.5435,0.5538,2,results/paper/e2_budget_sweep/tok10M/seed2/results_token_fair.csv
csic2010,small,CIT,token_fair,0.9154,0.9154,218.015,414,3815426,3.815426,2048,512,10000000,0,0.5435,0.5538,2,results/paper/e2_budget_sweep/tok10M/seed2/results_token_fair.csv
csic2010,tiny,BPE,token_fair,0.7392,0.4628,327.2294,514,724738,0.724738,2048,512,1000000,0,0.54165,0.5576,0,results/paper/e2_budget_sweep/tok1M/seed0/results_token_fair.csv
csic2010,tiny,WordPiece,token_fair,0.7078,0.6706,329.4426,526,724738,0.724738,2048,512,1000000,0,0.54165,0.5576,0,results/paper/e2_budget_sweep/tok1M/seed0/results_token_fair.csv
csic2010,tiny,Unigram,token_fair,0.7082,0.7082,406.3974,595,724738,0.724738,2048,512,1000000,0,0.54165,0.5576,0,results/paper/e2_budget_sweep/tok1M/seed0/results_token_fair.csv
csic2010,tiny,Bytes,token_fair,0.5874,0.4924,785.3036,1059,724738,0.724738,2048,512,1000000,0,0.54165,0.5576,0,results/paper/e2_budget_sweep/tok1M/seed0/results_token_fair.csv
csic2010,tiny,CIT,token_fair,0.8166,0.8166,216.9894,416,724738,0.724738,2048,512,1000000,0,0.54165,0.5576,0,results/paper/e2_budget_sweep/tok1M/seed0/results_token_fair.csv
csic2010,small,BPE,token_fair,0.675,0.4518,327.2294,514,3815426,3.815426,2048,512,1000000,0,0.54165,0.5576,0,results/paper/e2_budget_sweep/tok1M/seed0/results_token_fair.csv
csic2010,small,WordPiece,token_fair,0.7624,0.4736,329.4426,526,3815426,3.815426,2048,512,1000000,0,0.54165,0.5576,0,results/paper/e2_budget_sweep/tok1M/seed0/results_token_fair.csv
csic2010,small,Unigram,token_fair,0.7012,0.7032,406.3974,595,3815426,3.815426,2048,512,1000000,0,0.54165,0.5576,0,results/paper/e2_budget_sweep/tok1M/seed0/results_token_fair.csv
csic2010,small,Bytes,token_fair,0.5886,0.5888,785.3036,1059,3815426,3.815426,2048,512,1000000,0,0.54165,0.5576,0,results/paper/e2_budget_sweep/tok1M/seed0/results_token_fair.csv
csic2010,small,CIT,token_fair,0.8434,0.8434,216.9894,416,3815426,3.815426,2048,512,1000000,0,0.54165,0.5576,0,results/paper/e2_budget_sweep/tok1M/seed0/results_token_fair.csv
csic2010,tiny,BPE,token_fair,0.749,0.4636,329.209,519,724738,0.724738,2048,512,1000000,0,0.5423,0.5426,1,results/paper/e2_budget_sweep/tok1M/seed1/results_token_fair.csv
csic2010,tiny,WordPiece,token_fair,0.7058,0.6518,331.5392,532,724738,0.724738,2048,512,1000000,0,0.5423,0.5426,1,results/paper/e2_budget_sweep/tok1M/seed1/results_token_fair.csv
csic2010,tiny,Unigram,token_fair,0.69,0.6928,402.7612,605,724738,0.724738,2048,512,1000000,0,0.5423,0.5426,1,results/paper/e2_budget_sweep/tok1M/seed1/results_token_fair.csv
csic2010,tiny,Bytes,token_fair,0.5878,0.588,788.5086,1066,724738,0.724738,2048,512,1000000,0,0.5423,0.5426,1,results/paper/e2_budget_sweep/tok1M/seed1/results_token_fair.csv
csic2010,tiny,CIT,token_fair,0.8484,0.8484,213.3634,402,724738,0.724738,2048,512,1000000,0,0.5423,0.5426,1,results/paper/e2_budget_sweep/tok1M/seed1/results_token_fair.csv
csic2010,small,BPE,token_fair,0.7688,0.4748,329.209,519,3815426,3.815426,2048,512,1000000,0,0.5423,0.5426,1,results/paper/e2_budget_sweep/tok1M/seed1/results_token_fair.csv
csic2010,small,WordPiece,token_fair,0.7556,0.4728,331.5392,532,3815426,3.815426,2048,512,1000000,0,0.5423,0.5426,1,results/paper/e2_budget_sweep/tok1M/seed1/results_token_fair.csv
csic2010,small,Unigram,token_fair,0.7086,0.7074,402.7612,605,3815426,3.815426,2048,512,1000000,0,0.5423,0.5426,1,results/paper/e2_budget_sweep/tok1M/seed1/results_token_fair.csv
csic2010,small,Bytes,token_fair,0.5882,0.588,788.5086,1066,3815426,3.815426,2048,512,1000000,0,0.5423,0.5426,1,results/paper/e2_budget_sweep/tok1M/seed1/results_token_fair.csv
csic2010,small,CIT,token_fair,0.8486,0.8486,213.3634,402,3815426,3.815426,2048,512,1000000,0,0.5423,0.5426,1,results/paper/e2_budget_sweep/tok1M/seed1/results_token_fair.csv
csic2010,tiny,BPE,token_fair,0.7474,0.4478,327.0838,513,724738,0.724738,2048,512,1000000,0,0.5435,0.5538,2,results/paper/e2_budget_sweep/tok1M/seed2/results_token_fair.csv
csic2010,tiny,WordPiece,token_fair,0.6874,0.441,329.2552,523,724738,0.724738,2048,512,1000000,0,0.5435,0.5538,2,results/paper/e2_budget_sweep/tok1M/seed2/results_token_fair.csv
csic2010,tiny,Unigram,token_fair,0.7054,0.7062,399.6362,598,724738,0.724738,2048,512,1000000,0,0.5435,0.5538,2,results/paper/e2_budget_sweep/tok1M/seed2/results_token_fair.csv
csic2010,tiny,Bytes,token_fair,0.5824,0.5856,785.4556,1057,724738,0.724738,2048,512,1000000,0,0.5435,0.5538,2,results/paper/e2_budget_sweep/tok1M/seed2/results_token_fair.csv
csic2010,tiny,CIT,token_fair,0.8478,0.8478,218.015,414,724738,0.724738,2048,512,1000000,0,0.5435,0.5538,2,results/paper/e2_budget_sweep/tok1M/seed2/results_token_fair.csv
csic2010,small,BPE,token_fair,0.7414,0.4526,327.0838,513,3815426,3.815426,2048,512,1000000,0,0.5435,0.5538,2,results/paper/e2_budget_sweep/tok1M/seed2/results_token_fair.csv
csic2010,small,WordPiece,token_fair,0.763,0.4808,329.2552,523,3815426,3.815426,2048,512,1000000,0,0.5435,0.5538,2,results/paper/e2_budget_sweep/tok1M/seed2/results_token_fair.csv
csic2010,small,Unigram,token_fair,0.6802,0.6794,399.6362,598,3815426,3.815426,2048,512,1000000,0,0.5435,0.5538,2,results/paper/e2_budget_sweep/tok1M/seed2/results_token_fair.csv
csic2010,small,Bytes,token_fair,0.4462,0.4462,785.4556,1057,3815426,3.815426,2048,512,1000000,0,0.5435,0.5538,2,results/paper/e2_budget_sweep/tok1M/seed2/results_token_fair.csv
csic2010,small,CIT,token_fair,0.848,0.848,218.015,414,3815426,3.815426,2048,512,1000000,0,0.5435,0.5538,2,results/paper/e2_budget_sweep/tok1M/seed2/results_token_fair.csv
csic2010,tiny,BPE,token_fair,0.7362,0.4548,327.2294,514,724738,0.724738,2048,512,2000000,0,0.54165,0.5576,0,results/paper/e2_budget_sweep/tok2M/seed0/results_token_fair.csv
csic2010,tiny,WordPiece,token_fair,0.7726,0.4502,329.4426,526,724738,0.724738,2048,512,2000000,0,0.54165,0.5576,0,results/paper/e2_budget_sweep/tok2M/seed0/results_token_fair.csv
csic2010,tiny,Unigram,token_fair,0.701,0.7036,406.3974,595,724738,0.724738,2048,512,2000000,0,0.54165,0.5576,0,results/paper/e2_budget_sweep/tok2M/seed0/results_token_fair.csv
csic2010,tiny,Bytes,token_fair,0.6172,0.4384,785.3036,1059,724738,0.724738,2048,512,2000000,0,0.54165,0.5576,0,results/paper/e2_budget_sweep/tok2M/seed0/results_token_fair.csv
csic2010,tiny,CIT,token_fair,0.86,0.86,216.9894,416,724738,0.724738,2048,512,2000000,0,0.54165,0.5576,0,results/paper/e2_budget_sweep/tok2M/seed0/results_token_fair.csv
csic2010,small,BPE,token_fair,0.7628,0.47,327.2294,514,3815426,3.815426,2048,512,2000000,0,0.54165,0.5576,0,results/paper/e2_budget_sweep/tok2M/seed0/results_token_fair.csv
csic2010,small,WordPiece,token_fair,0.776,0.4668,329.4426,526,3815426,3.815426,2048,512,2000000,0,0.54165,0.5576,0,results/paper/e2_budget_sweep/tok2M/seed0/results_token_fair.csv
csic2010,small,Unigram,token_fair,0.7124,0.7148,406.3974,595,3815426,3.815426,2048,512,2000000,0,0.54165,0.5576,0,results/paper/e2_budget_sweep/tok2M/seed0/results_token_fair.csv
csic2010,small,Bytes,token_fair,0.6376,0.4424,785.3036,1059,3815426,3.815426,2048,512,2000000,0,0.54165,0.5576,0,results/paper/e2_budget_sweep/tok2M/seed0/results_token_fair.csv
csic2010,small,CIT,token_fair,0.8848,0.8848,216.9894,416,3815426,3.815426,2048,512,2000000,0,0.54165,0.5576,0,results/paper/e2_budget_sweep/tok2M/seed0/results_token_fair.csv
csic2010,tiny,BPE,token_fair,0.7746,0.477,329.209,519,724738,0.724738,2048,512,2000000,0,0.5423,0.5426,1,results/paper/e2_budget_sweep/tok2M/seed1/results_token_fair.csv
csic2010,tiny,WordPiece,token_fair,0.752,0.4794,331.5484,532,724738,0.724738,2048,512,2000000,0,0.5423,0.5426,1,results/paper/e2_budget_sweep/tok2M/seed1/results_token_fair.csv
csic2010,tiny,Unigram,token_fair,0.7182,0.7196,402.7612,605,724738,0.724738,2048,512,2000000,0,0.5423,0.5426,1,results/paper/e2_budget_sweep/tok2M/seed1/results_token_fair.csv
csic2010,tiny,Bytes,token_fair,0.5878,0.588,788.5086,1066,724738,0.724738,2048,512,2000000,0,0.5423,0.5426,1,results/paper/e2_budget_sweep/tok2M/seed1/results_token_fair.csv
csic2010,tiny,CIT,token_fair,0.8592,0.8592,213.3634,402,724738,0.724738,2048,512,2000000,0,0.5423,0.5426,1,results/paper/e2_budget_sweep/tok2M/seed1/results_token_fair.csv
csic2010,small,BPE,token_fair,0.7696,0.4734,329.209,519,3815426,3.815426,2048,512,2000000,0,0.5423,0.5426,1,results/paper/e2_budget_sweep/tok2M/seed1/results_token_fair.csv
csic2010,small,WordPiece,token_fair,0.7882,0.4834,331.5484,532,3815426,3.815426,2048,512,2000000,0,0.5423,0.5426,1,results/paper/e2_budget_sweep/tok2M/seed1/results_token_fair.csv
csic2010,small,Unigram,token_fair,0.6194,0.6194,402.7612,605,3815426,3.815426,2048,512,2000000,0,0.5423,0.5426,1,results/paper/e2_budget_sweep/tok2M/seed1/results_token_fair.csv
csic2010,small,Bytes,token_fair,0.6206,0.4612,788.5086,1066,3815426,3.815426,2048,512,2000000,0,0.5423,0.5426,1,results/paper/e2_budget_sweep/tok2M/seed1/results_token_fair.csv
csic2010,small,CIT,token_fair,0.8644,0.8644,213.3634,402,3815426,3.815426,2048,512,2000000,0,0.5423,0.5426,1,results/paper/e2_budget_sweep/tok2M/seed1/results_token_fair.csv
csic2010,tiny,BPE,token_fair,0.7922,0.4728,327.0838,513,724738,0.724738,2048,512,2000000,0,0.5435,0.5538,2,results/paper/e2_budget_sweep/tok2M/seed2/results_token_fair.csv
csic2010,tiny,WordPiece,token_fair,0.7858,0.4816,329.2552,523,724738,0.724738,2048,512,2000000,0,0.5435,0.5538,2,results/paper/e2_budget_sweep/tok2M/seed2/results_token_fair.csv
csic2010,tiny,Unigram,token_fair,0.7238,0.7236,399.6362,598,724738,0.724738,2048,512,2000000,0,0.5435,0.5538,2,results/paper/e2_budget_sweep/tok2M/seed2/results_token_fair.csv
csic2010,tiny,Bytes,token_fair,0.6062,0.4436,785.4556,1057,724738,0.724738,2048,512,2000000,0,0.5435,0.5538,2,results/paper/e2_budget_sweep/tok2M/seed2/results_token_fair.csv
csic2010,tiny,CIT,token_fair,0.878,0.878,218.015,414,724738,0.724738,2048,512,2000000,0,0.5435,0.5538,2,results/paper/e2_budget_sweep/tok2M/seed2/results_token_fair.csv
csic2010,small,BPE,token_fair,0.8072,0.4686,327.0838,513,3815426,3.815426,2048,512,2000000,0,0.5435,0.5538,2,results/paper/e2_budget_sweep/tok2M/seed2/results_token_fair.csv
csic2010,small,WordPiece,token_fair,0.8028,0.4784,329.2552,523,3815426,3.815426,2048,512,2000000,0,0.5435,0.5538,2,results/paper/e2_budget_sweep/tok2M/seed2/results_token_fair.csv
csic2010,small,Unigram,token_fair,0.7566,0.756,399.6362,598,3815426,3.815426,2048,512,2000000,0,0.5435,0.5538,2,results/paper/e2_budget_sweep/tok2M/seed2/results_token_fair.csv
csic2010,small,Bytes,token_fair,0.5992,0.5876,785.4556,1057,3815426,3.815426,2048,512,2000000,0,0.5435,0.5538,2,results/paper/e2_budget_sweep/tok2M/seed2/results_token_fair.csv
csic2010,small,CIT,token_fair,0.8744,0.8744,218.015,414,3815426,3.815426,2048,512,2000000,0,0.5435,0.5538,2,results/paper/e2_budget_sweep/tok2M/seed2/results_token_fair.csv
csic2010,tiny,BPE,token_fair,0.7986,0.4666,327.2294,514,724738,0.724738,2048,512,5000000,0,0.54165,0.5576,0,results/paper/e2_budget_sweep/tok5M/seed0/results_token_fair.csv
csic2010,tiny,WordPiece,token_fair,0.8254,0.456,329.449,526,724738,0.724738,2048,512,5000000,0,0.54165,0.5576,0,results/paper/e2_budget_sweep/tok5M/seed0/results_token_fair.csv
csic2010,tiny,Unigram,token_fair,0.7738,0.7728,406.3974,595,724738,0.724738,2048,512,5000000,0,0.54165,0.5576,0,results/paper/e2_budget_sweep/tok5M/seed0/results_token_fair.csv
csic2010,tiny,Bytes,token_fair,0.6326,0.4416,785.3036,1059,724738,0.724738,2048,512,5000000,0,0.54165,0.5576,0,results/paper/e2_budget_sweep/tok5M/seed0/results_token_fair.csv
csic2010,tiny,CIT,token_fair,0.8844,0.8844,216.9894,416,724738,0.724738,2048,512,5000000,0,0.54165,0.5576,0,results/paper/e2_budget_sweep/tok5M/seed0/results_token_fair.csv
csic2010,small,BPE,token_fair,0.8578,0.4814,327.2294,514,3815426,3.815426,2048,512,5000000,0,0.54165,0.5576,0,results/paper/e2_budget_sweep/tok5M/seed0/results_token_fair.csv
csic2010,small,WordPiece,token_fair,0.8856,0.4652,329.449,526,3815426,3.815426,2048,512,5000000,0,0.54165,0.5576,0,results/paper/e2_budget_sweep/tok5M/seed0/results_token_fair.csv
csic2010,small,Unigram,token_fair,0.7936,0.7936,406.3974,595,3815426,3.815426,2048,512,5000000,0,0.54165,0.5576,0,results/paper/e2_budget_sweep/tok5M/seed0/results_token_fair.csv
csic2010,small,Bytes,token_fair,0.683,0.4422,785.3036,1059,3815426,3.815426,2048,512,5000000,0,0.54165,0.5576,0,results/paper/e2_budget_sweep/tok5M/seed0/results_token_fair.csv
csic2010,small,CIT,token_fair,0.9018,0.9018,216.9894,416,3815426,3.815426,2048,512,5000000,0,0.54165,0.5576,0,results/paper/e2_budget_sweep/tok5M/seed0/results_token_fair.csv
csic2010,tiny,BPE,token_fair,0.7896,0.4872,329.209,519,724738,0.724738,2048,512,5000000,0,0.5423,0.5426,1,results/paper/e2_budget_sweep/tok5M/seed1/results_token_fair.csv
csic2010,tiny,WordPiece,token_fair,0.8234,0.4906,331.559,532,724738,0.724738,2048,512,5000000,0,0.5423,0.5426,1,results/paper/e2_budget_sweep/tok5M/seed1/results_token_fair.csv
csic2010,tiny,Unigram,token_fair,0.77,0.7672,402.7612,605,724738,0.724738,2048,512,5000000,0,0.5423,0.5426,1,results/paper/e2_budget_sweep/tok5M/seed1/results_token_fair.csv
csic2010,tiny,Bytes,token_fair,0.6582,0.4648,788.5086,1066,724738,0.724738,2048,512,5000000,0,0.5423,0.5426,1,results/paper/e2_budget_sweep/tok5M/seed1/results_token_fair.csv
csic2010,tiny,CIT,token_fair,0.8956,0.8956,213.3634,402,724738,0.724738,2048,512,5000000,0,0.5423,0.5426,1,results/paper/e2_budget_sweep/tok5M/seed1/results_token_fair.csv
csic2010,small,BPE,token_fair,0.8478,0.5072,329.209,519,3815426,3.815426,2048,512,5000000,0,0.5423,0.5426,1,results/paper/e2_budget_sweep/tok5M/seed1/results_token_fair.csv
csic2010,small,WordPiece,token_fair,0.8986,0.5114,331.559,532,3815426,3.815426,2048,512,5000000,0,0.5423,0.5426,1,results/paper/e2_budget_sweep/tok5M/seed1/results_token_fair.csv
csic2010,small,Unigram,token_fair,0.793,0.7928,402.7612,605,3815426,3.815426,2048,512,5000000,0,0.5423,0.5426,1,results/paper/e2_budget_sweep/tok5M/seed1/results_token_fair.csv
csic2010,small,Bytes,token_fair,0.65,0.456,788.5086,1066,3815426,3.815426,2048,512,5000000,0,0.5423,0.5426,1,results/paper/e2_budget_sweep/tok5M/seed1/results_token_fair.csv
csic2010,small,CIT,token_fair,0.9002,0.9002,213.3634,402,3815426,3.815426,2048,512,5000000,0,0.5423,0.5426,1,results/paper/e2_budget_sweep/tok5M/seed1/results_token_fair.csv
csic2010,tiny,BPE,token_fair,0.8076,0.4888,327.0838,513,724738,0.724738,2048,512,5000000,0,0.5435,0.5538,2,results/paper/e2_budget_sweep/tok5M/seed2/results_token_fair.csv
csic2010,tiny,WordPiece,token_fair,0.8426,0.4838,329.2552,523,724738,0.724738,2048,512,5000000,0,0.5435,0.5538,2,results/paper/e2_budget_sweep/tok5M/seed2/results_token_fair.csv
csic2010,tiny,Unigram,token_fair,0.7486,0.7492,399.6362,598,724738,0.724738,2048,512,5000000,0,0.5435,0.5538,2,results/paper/e2_budget_sweep/tok5M/seed2/results_token_fair.csv
csic2010,tiny,Bytes,token_fair,0.638,0.443,785.4556,1057,724738,0.724738,2048,512,5000000,0,0.5435,0.5538,2,results/paper/e2_budget_sweep/tok5M/seed2/results_token_fair.csv
csic2010,tiny,CIT,token_fair,0.8932,0.8932,218.015,414,724738,0.724738,2048,512,5000000,0,0.5435,0.5538,2,results/paper/e2_budget_sweep/tok5M/seed2/results_token_fair.csv
csic2010,small,BPE,token_fair,0.8804,0.507,327.0838,513,3815426,3.815426,2048,512,5000000,0,0.5435,0.5538,2,results/paper/e2_budget_sweep/tok5M/seed2/results_token_fair.csv
csic2010,small,WordPiece,token_fair,0.9022,0.5032,329.2552,523,3815426,3.815426,2048,512,5000000,0,0.5435,0.5538,2,results/paper/e2_budget_sweep/tok5M/seed2/results_token_fair.csv
csic2010,small,Unigram,token_fair,0.8046,0.8016,399.6362,598,3815426,3.815426,2048,512,5000000,0,0.5435,0.5538,2,results/paper/e2_budget_sweep/tok5M/seed2/results_token_fair.csv
csic2010,small,Bytes,token_fair,0.6482,0.4462,785.4556,1057,3815426,3.815426,2048,512,5000000,0,0.5435,0.5538,2,results/paper/e2_budget_sweep/tok5M/seed2/results_token_fair.csv
csic2010,small,CIT,token_fair,0.9044,0.9044,218.015,414,3815426,3.815426,2048,512,5000000,0,0.5435,0.5538,2,results/paper/e2_budget_sweep/tok5M/seed2/results_token_fair.csv
